[{"model": "admin.logentry", "pk": 1, "fields": {"action_time": "2023-01-15T04:52:06.664Z", "user": 1, "content_type": 7, "object_id": "2", "object_repr": "TestUser", "action_flag": 1, "change_message": "[{\"added\": {}}]"}}, {"model": "admin.logentry", "pk": 2, "fields": {"action_time": "2023-01-15T04:53:12.920Z", "user": 1, "content_type": 7, "object_id": "2", "object_repr": "TestUser", "action_flag": 2, "change_message": "[]"}}, {"model": "admin.logentry", "pk": 3, "fields": {"action_time": "2023-01-15T05:18:38.125Z", "user": 1, "content_type": 7, "object_id": "3", "object_repr": "Test1", "action_flag": 3, "change_message": ""}}, {"model": "admin.logentry", "pk": 4, "fields": {"action_time": "2023-01-15T06:22:41.746Z", "user": 1, "content_type": 6, "object_id": "1", "object_repr": "Percy Jackson Trivia", "action_flag": 1, "change_message": "[{\"added\": {}}]"}}, {"model": "admin.logentry", "pk": 5, "fields": {"action_time": "2023-01-15T06:24:02.524Z", "user": 1, "content_type": 8, "object_id": "1", "object_repr": "Which God was Percy's father?", "action_flag": 1, "change_message": "[{\"added\": {}}, {\"added\": {\"name\": \"answer\", \"object\": \"question: Which God was Percy's father?, answer: Zeus, correct: False\"}}, {\"added\": {\"name\": \"answer\", \"object\": \"question: Which God was Percy's father?, answer: Hades, correct: False\"}}, {\"added\": {\"name\": \"answer\", \"object\": \"question: Which God was Percy's father?, answer: Ares, correct: False\"}}, {\"added\": {\"name\": \"answer\", \"object\": \"question: Which God was Percy's father?, answer: Poseidon, correct: True\"}}]"}}, {"model": "admin.logentry", "pk": 6, "fields": {"action_time": "2023-01-15T12:14:25.949Z", "user": 1, "content_type": 7, "object_id": "6", "object_repr": "wefw", "action_flag": 3, "change_message": ""}}, {"model": "admin.logentry", "pk": 7, "fields": {"action_time": "2023-01-15T12:26:54.688Z", "user": 1, "content_type": 7, "object_id": "8", "object_repr": "cjice", "action_flag": 3, "change_message": ""}}, {"model": "admin.logentry", "pk": 8, "fields": {"action_time": "2023-01-15T12:27:03.029Z", "user": 1, "content_type": 7, "object_id": "4", "object_repr": "DVE", "action_flag": 3, "change_message": ""}}, {"model": "admin.logentry", "pk": 9, "fields": {"action_time": "2023-01-15T12:27:10.025Z", "user": 1, "content_type": 7, "object_id": "5", "object_repr": "boom", "action_flag": 3, "change_message": ""}}, {"model": "admin.logentry", "pk": 10, "fields": {"action_time": "2023-01-15T12:27:17.570Z", "user": 1, "content_type": 7, "object_id": "7", "object_repr": "vwsvw", "action_flag": 3, "change_message": ""}}, {"model": "admin.logentry", "pk": 11, "fields": {"action_time": "2023-01-15T14:41:51.106Z", "user": 1, "content_type": 7, "object_id": "2", "object_repr": "TestUser", "action_flag": 2, "change_message": "[{\"changed\": {\"fields\": [\"Is QM\", \"Is QT\"]}}]"}}, {"model": "admin.logentry", "pk": 12, "fields": {"action_time": "2023-01-15T15:02:27.067Z", "user": 1, "content_type": 8, "object_id": "1", "object_repr": "Which God was Percy's father?", "action_flag": 2, "change_message": "[]"}}, {"model": "admin.logentry", "pk": 13, "fields": {"action_time": "2023-01-15T15:06:41.039Z", "user": 1, "content_type": 7, "object_id": "1", "object_repr": "Deergha", "action_flag": 2, "change_message": "[{\"changed\": {\"fields\": [\"Is QM\"]}}]"}}, {"model": "admin.logentry", "pk": 14, "fields": {"action_time": "2023-01-15T15:07:18.408Z", "user": 1, "content_type": 7, "object_id": "9", "object_repr": "TestQM", "action_flag": 2, "change_message": "[{\"changed\": {\"fields\": [\"Is QM\"]}}]"}}, {"model": "admin.logentry", "pk": 15, "fields": {"action_time": "2023-01-23T06:11:20.270Z", "user": 1, "content_type": 6, "object_id": "2", "object_repr": "Math Quiz", "action_flag": 3, "change_message": ""}}, {"model": "admin.logentry", "pk": 16, "fields": {"action_time": "2023-01-23T06:11:33.452Z", "user": 1, "content_type": 6, "object_id": "1", "object_repr": "Percy Jackson Trivia", "action_flag": 2, "change_message": "[{\"changed\": {\"fields\": [\"Positive marks\"]}}]"}}, {"model": "admin.logentry", "pk": 17, "fields": {"action_time": "2023-01-23T11:25:47.863Z", "user": 1, "content_type": 11, "object_id": "1", "object_repr": "localhost:8000/", "action_flag": 2, "change_message": "[{\"changed\": {\"fields\": [\"Domain name\", \"Display name\"]}}]"}}, {"model": "admin.logentry", "pk": 18, "fields": {"action_time": "2023-01-23T11:28:09.089Z", "user": 1, "content_type": 15, "object_id": "1", "object_repr": "QuizMania", "action_flag": 1, "change_message": "[{\"added\": {}}]"}}, {"model": "admin.logentry", "pk": 19, "fields": {"action_time": "2023-01-23T11:28:37.069Z", "user": 1, "content_type": 15, "object_id": "1", "object_repr": "QuizMania", "action_flag": 2, "change_message": "[]"}}, {"model": "admin.logentry", "pk": 20, "fields": {"action_time": "2023-01-23T11:36:22.452Z", "user": 1, "content_type": 14, "object_id": "1", "object_repr": "deergha3", "action_flag": 3, "change_message": ""}}, {"model": "admin.logentry", "pk": 21, "fields": {"action_time": "2023-01-23T11:37:31.609Z", "user": 1, "content_type": 7, "object_id": "13", "object_repr": "deergha3", "action_flag": 3, "change_message": ""}}, {"model": "admin.logentry", "pk": 22, "fields": {"action_time": "2023-01-23T11:38:24.036Z", "user": 1, "content_type": 7, "object_id": "1", "object_repr": "Deergha", "action_flag": 2, "change_message": "[{\"changed\": {\"fields\": [\"Email address\"]}}]"}}, {"model": "admin.logentry", "pk": 23, "fields": {"action_time": "2023-01-23T11:53:55.948Z", "user": 1, "content_type": 7, "object_id": "1", "object_repr": "Deergha", "action_flag": 2, "change_message": "[{\"changed\": {\"fields\": [\"Email address\"]}}]"}}, {"model": "admin.logentry", "pk": 24, "fields": {"action_time": "2023-01-23T13:44:07.008Z", "user": 1, "content_type": 8, "object_id": "10", "object_repr": "What is 3 +4?", "action_flag": 1, "change_message": "[{\"added\": {}}]"}}, {"model": "admin.logentry", "pk": 25, "fields": {"action_time": "2023-01-23T13:53:04.864Z", "user": 1, "content_type": 17, "object_id": "1", "object_repr": "question: What is 3 +4?, correct: 7", "action_flag": 1, "change_message": "[{\"added\": {}}]"}}, {"model": "auth.permission", "pk": 1, "fields": {"name": "Can add log entry", "content_type": 1, "codename": "add_logentry"}}, {"model": "auth.permission", "pk": 2, "fields": {"name": "Can change log entry", "content_type": 1, "codename": "change_logentry"}}, {"model": "auth.permission", "pk": 3, "fields": {"name": "Can delete log entry", "content_type": 1, "codename": "delete_logentry"}}, {"model": "auth.permission", "pk": 4, "fields": {"name": "Can view log entry", "content_type": 1, "codename": "view_logentry"}}, {"model": "auth.permission", "pk": 5, "fields": {"name": "Can add permission", "content_type": 2, "codename": "add_permission"}}, {"model": "auth.permission", "pk": 6, "fields": {"name": "Can change permission", "content_type": 2, "codename": "change_permission"}}, {"model": "auth.permission", "pk": 7, "fields": {"name": "Can delete permission", "content_type": 2, "codename": "delete_permission"}}, {"model": "auth.permission", "pk": 8, "fields": {"name": "Can view permission", "content_type": 2, "codename": "view_permission"}}, {"model": "auth.permission", "pk": 9, "fields": {"name": "Can add group", "content_type": 3, "codename": "add_group"}}, {"model": "auth.permission", "pk": 10, "fields": {"name": "Can change group", "content_type": 3, "codename": "change_group"}}, {"model": "auth.permission", "pk": 11, "fields": {"name": "Can delete group", "content_type": 3, "codename": "delete_group"}}, {"model": "auth.permission", "pk": 12, "fields": {"name": "Can view group", "content_type": 3, "codename": "view_group"}}, {"model": "auth.permission", "pk": 13, "fields": {"name": "Can add content type", "content_type": 4, "codename": "add_contenttype"}}, {"model": "auth.permission", "pk": 14, "fields": {"name": "Can change content type", "content_type": 4, "codename": "change_contenttype"}}, {"model": "auth.permission", "pk": 15, "fields": {"name": "Can delete content type", "content_type": 4, "codename": "delete_contenttype"}}, {"model": "auth.permission", "pk": 16, "fields": {"name": "Can view content type", "content_type": 4, "codename": "view_contenttype"}}, {"model": "auth.permission", "pk": 17, "fields": {"name": "Can add session", "content_type": 5, "codename": "add_session"}}, {"model": "auth.permission", "pk": 18, "fields": {"name": "Can change session", "content_type": 5, "codename": "change_session"}}, {"model": "auth.permission", "pk": 19, "fields": {"name": "Can delete session", "content_type": 5, "codename": "delete_session"}}, {"model": "auth.permission", "pk": 20, "fields": {"name": "Can view session", "content_type": 5, "codename": "view_session"}}, {"model": "auth.permission", "pk": 21, "fields": {"name": "Can add quiz", "content_type": 6, "codename": "add_quiz"}}, {"model": "auth.permission", "pk": 22, "fields": {"name": "Can change quiz", "content_type": 6, "codename": "change_quiz"}}, {"model": "auth.permission", "pk": 23, "fields": {"name": "Can delete quiz", "content_type": 6, "codename": "delete_quiz"}}, {"model": "auth.permission", "pk": 24, "fields": {"name": "Can view quiz", "content_type": 6, "codename": "view_quiz"}}, {"model": "auth.permission", "pk": 25, "fields": {"name": "Can add user", "content_type": 7, "codename": "add_customuser"}}, {"model": "auth.permission", "pk": 26, "fields": {"name": "Can change user", "content_type": 7, "codename": "change_customuser"}}, {"model": "auth.permission", "pk": 27, "fields": {"name": "Can delete user", "content_type": 7, "codename": "delete_customuser"}}, {"model": "auth.permission", "pk": 28, "fields": {"name": "Can view user", "content_type": 7, "codename": "view_customuser"}}, {"model": "auth.permission", "pk": 29, "fields": {"name": "Can add question", "content_type": 8, "codename": "add_question"}}, {"model": "auth.permission", "pk": 30, "fields": {"name": "Can change question", "content_type": 8, "codename": "change_question"}}, {"model": "auth.permission", "pk": 31, "fields": {"name": "Can delete question", "content_type": 8, "codename": "delete_question"}}, {"model": "auth.permission", "pk": 32, "fields": {"name": "Can view question", "content_type": 8, "codename": "view_question"}}, {"model": "auth.permission", "pk": 33, "fields": {"name": "Can add marks_ of_ user", "content_type": 9, "codename": "add_marks_of_user"}}, {"model": "auth.permission", "pk": 34, "fields": {"name": "Can change marks_ of_ user", "content_type": 9, "codename": "change_marks_of_user"}}, {"model": "auth.permission", "pk": 35, "fields": {"name": "Can delete marks_ of_ user", "content_type": 9, "codename": "delete_marks_of_user"}}, {"model": "auth.permission", "pk": 36, "fields": {"name": "Can view marks_ of_ user", "content_type": 9, "codename": "view_marks_of_user"}}, {"model": "auth.permission", "pk": 37, "fields": {"name": "Can add answer", "content_type": 10, "codename": "add_answer"}}, {"model": "auth.permission", "pk": 38, "fields": {"name": "Can change answer", "content_type": 10, "codename": "change_answer"}}, {"model": "auth.permission", "pk": 39, "fields": {"name": "Can delete answer", "content_type": 10, "codename": "delete_answer"}}, {"model": "auth.permission", "pk": 40, "fields": {"name": "Can view answer", "content_type": 10, "codename": "view_answer"}}, {"model": "auth.permission", "pk": 41, "fields": {"name": "Can add site", "content_type": 11, "codename": "add_site"}}, {"model": "auth.permission", "pk": 42, "fields": {"name": "Can change site", "content_type": 11, "codename": "change_site"}}, {"model": "auth.permission", "pk": 43, "fields": {"name": "Can delete site", "content_type": 11, "codename": "delete_site"}}, {"model": "auth.permission", "pk": 44, "fields": {"name": "Can view site", "content_type": 11, "codename": "view_site"}}, {"model": "auth.permission", "pk": 45, "fields": {"name": "Can add email address", "content_type": 12, "codename": "add_emailaddress"}}, {"model": "auth.permission", "pk": 46, "fields": {"name": "Can change email address", "content_type": 12, "codename": "change_emailaddress"}}, {"model": "auth.permission", "pk": 47, "fields": {"name": "Can delete email address", "content_type": 12, "codename": "delete_emailaddress"}}, {"model": "auth.permission", "pk": 48, "fields": {"name": "Can view email address", "content_type": 12, "codename": "view_emailaddress"}}, {"model": "auth.permission", "pk": 49, "fields": {"name": "Can add email confirmation", "content_type": 13, "codename": "add_emailconfirmation"}}, {"model": "auth.permission", "pk": 50, "fields": {"name": "Can change email confirmation", "content_type": 13, "codename": "change_emailconfirmation"}}, {"model": "auth.permission", "pk": 51, "fields": {"name": "Can delete email confirmation", "content_type": 13, "codename": "delete_emailconfirmation"}}, {"model": "auth.permission", "pk": 52, "fields": {"name": "Can view email confirmation", "content_type": 13, "codename": "view_emailconfirmation"}}, {"model": "auth.permission", "pk": 53, "fields": {"name": "Can add social account", "content_type": 14, "codename": "add_socialaccount"}}, {"model": "auth.permission", "pk": 54, "fields": {"name": "Can change social account", "content_type": 14, "codename": "change_socialaccount"}}, {"model": "auth.permission", "pk": 55, "fields": {"name": "Can delete social account", "content_type": 14, "codename": "delete_socialaccount"}}, {"model": "auth.permission", "pk": 56, "fields": {"name": "Can view social account", "content_type": 14, "codename": "view_socialaccount"}}, {"model": "auth.permission", "pk": 57, "fields": {"name": "Can add social application", "content_type": 15, "codename": "add_socialapp"}}, {"model": "auth.permission", "pk": 58, "fields": {"name": "Can change social application", "content_type": 15, "codename": "change_socialapp"}}, {"model": "auth.permission", "pk": 59, "fields": {"name": "Can delete social application", "content_type": 15, "codename": "delete_socialapp"}}, {"model": "auth.permission", "pk": 60, "fields": {"name": "Can view social application", "content_type": 15, "codename": "view_socialapp"}}, {"model": "auth.permission", "pk": 61, "fields": {"name": "Can add social application token", "content_type": 16, "codename": "add_socialtoken"}}, {"model": "auth.permission", "pk": 62, "fields": {"name": "Can change social application token", "content_type": 16, "codename": "change_socialtoken"}}, {"model": "auth.permission", "pk": 63, "fields": {"name": "Can delete social application token", "content_type": 16, "codename": "delete_socialtoken"}}, {"model": "auth.permission", "pk": 64, "fields": {"name": "Can view social application token", "content_type": 16, "codename": "view_socialtoken"}}, {"model": "auth.permission", "pk": 65, "fields": {"name": "Can add numerical answer", "content_type": 17, "codename": "add_numericalanswer"}}, {"model": "auth.permission", "pk": 66, "fields": {"name": "Can change numerical answer", "content_type": 17, "codename": "change_numericalanswer"}}, {"model": "auth.permission", "pk": 67, "fields": {"name": "Can delete numerical answer", "content_type": 17, "codename": "delete_numericalanswer"}}, {"model": "auth.permission", "pk": 68, "fields": {"name": "Can view numerical answer", "content_type": 17, "codename": "view_numericalanswer"}}, {"model": "contenttypes.contenttype", "pk": 1, "fields": {"app_label": "admin", "model": "logentry"}}, {"model": "contenttypes.contenttype", "pk": 2, "fields": {"app_label": "auth", "model": "permission"}}, {"model": "contenttypes.contenttype", "pk": 3, "fields": {"app_label": "auth", "model": "group"}}, {"model": "contenttypes.contenttype", "pk": 4, "fields": {"app_label": "contenttypes", "model": "contenttype"}}, {"model": "contenttypes.contenttype", "pk": 5, "fields": {"app_label": "sessions", "model": "session"}}, {"model": "contenttypes.contenttype", "pk": 6, "fields": {"app_label": "QuizMania", "model": "quiz"}}, {"model": "contenttypes.contenttype", "pk": 7, "fields": {"app_label": "QuizMania", "model": "customuser"}}, {"model": "contenttypes.contenttype", "pk": 8, "fields": {"app_label": "QuizMania", "model": "question"}}, {"model": "contenttypes.contenttype", "pk": 9, "fields": {"app_label": "QuizMania", "model": "marks_of_user"}}, {"model": "contenttypes.contenttype", "pk": 10, "fields": {"app_label": "QuizMania", "model": "answer"}}, {"model": "contenttypes.contenttype", "pk": 11, "fields": {"app_label": "sites", "model": "site"}}, {"model": "contenttypes.contenttype", "pk": 12, "fields": {"app_label": "account", "model": "emailaddress"}}, {"model": "contenttypes.contenttype", "pk": 13, "fields": {"app_label": "account", "model": "emailconfirmation"}}, {"model": "contenttypes.contenttype", "pk": 14, "fields": {"app_label": "socialaccount", "model": "socialaccount"}}, {"model": "contenttypes.contenttype", "pk": 15, "fields": {"app_label": "socialaccount", "model": "socialapp"}}, {"model": "contenttypes.contenttype", "pk": 16, "fields": {"app_label": "socialaccount", "model": "socialtoken"}}, {"model": "contenttypes.contenttype", "pk": 17, "fields": {"app_label": "QuizMania", "model": "numericalanswer"}}, {"model": "sessions.session", "pk": "3w48999c0g12evjew7egumkzfcx55rd4", "fields": {"session_data": ".eJxVjM0OgjAQhN-lZ0Pasv3Rm7wIWXa3aSMpiZST8d0Fw0GP883M91Ijbi2P2yrPsbC6KaMuv2xCekg9CpznA3dItGy1dd_NWa_dfU9SWyFsZanD-fpTZVzz7gEGG3i39OISaNHSCyEb0uImTOQhMkedIPhkDNE1sLNgowcPfYhWvT_noTyk:1pJwaR:nT7i-__q941YvqvO_fGc3yrDfMwyCot2uJGR8f2dvOA", "expire_date": "2023-02-06T13:10:11.413Z"}}, {"model": "sessions.session", "pk": "shjoig4pktdsg6sym20qx9wjktgmxfa4", "fields": {"session_data": ".eJxVjDsOwyAQBe9CHSFY83PK9D4DAnYJTiKQjF1FuXtsyUXSvpl5b-bDtha_dVr8jOzKpGSX3zGG9KR6EHyEem88tbouc-SHwk_a-dSQXrfT_TsooZe9BmcRwJqQYDQwEFjUpGU2oxLZuYwDGJkJnRJJZQIyYnBKRRRxj7Rjny_rZTeF:1pH5Da:RJqcpqxA2_T961yMNt-nrTlmj3w9tZKXOu9qVWnWgig", "expire_date": "2023-01-29T15:46:46.047Z"}}, {"model": "QuizMania.customuser", "pk": 1, "fields": {"password": "pbkdf2_sha256$390000$boLdCTjjWiLHZmJowtlujo$3Bk3YW3qiVIr0QXeCl1DV9DkRQfQc5bzSxB941seQVs=", "last_login": "2023-01-23T13:10:11.399Z", "is_superuser": true, "username": "Deergha", "first_name": "", "last_name": "", "email": "test@gmail.com", "is_staff": true, "is_active": true, "date_joined": "2023-01-15T04:50:13Z", "is_QM": true, "is_QT": true, "groups": [], "user_permissions": []}}, {"model": "QuizMania.customuser", "pk": 2, "fields": {"password": "pbkdf2_sha256$390000$bU6tvvlo3mtOQwZUuTnL7U$qL6vrmZhZTpCjh5Hx7m/RQ/gd9lOcflDhaAXObWK4XU=", "last_login": "2023-01-16T05:12:16.986Z", "is_superuser": false, "username": "TestUser", "first_name": "", "last_name": "", "email": "", "is_staff": false, "is_active": true, "date_joined": "2023-01-15T04:52:06Z", "is_QM": true, "is_QT": false, "groups": [], "user_permissions": []}}, {"model": "QuizMania.customuser", "pk": 9, "fields": {"password": "pbkdf2_sha256$390000$1v29dBQzpQ5QYKEgUVDREO$/TmTNF6m3ycL9AkzZGKquMsjdXinh8kwFeFxAr0hf+8=", "last_login": "2023-01-23T05:12:13.718Z", "is_superuser": false, "username": "TestQM", "first_name": "Test", "last_name": "QM", "email": "TestQM@gmail.com", "is_staff": false, "is_active": true, "date_joined": "2023-01-15T14:24:30Z", "is_QM": true, "is_QT": false, "groups": [], "user_permissions": []}}, {"model": "QuizMania.customuser", "pk": 10, "fields": {"password": "pbkdf2_sha256$390000$V1npWcsdgoUbOBXASmFlFg$hdvzwO3OKOCCWJiMgcpFrKNzjDakQ99EHuIuzG41nsw=", "last_login": null, "is_superuser": false, "username": "ddaiefj", "first_name": "fvfsvsf", "last_name": "fvjsvu", "email": "siec@gmail.com", "is_staff": false, "is_active": true, "date_joined": "2023-01-15T14:32:20.339Z", "is_QM": false, "is_QT": true, "groups": [], "user_permissions": []}}, {"model": "QuizMania.customuser", "pk": 11, "fields": {"password": "pbkdf2_sha256$390000$DfrAByz0860R4pnZyupOPZ$54lhsnGrmbZQwjHc6ceXvnnGS+WB7tOVVIoldB8OGLY=", "last_login": "2023-01-15T15:46:46.035Z", "is_superuser": false, "username": "JohnDoe", "first_name": "John", "last_name": "Doe", "email": "John@gmail.com", "is_staff": false, "is_active": true, "date_joined": "2023-01-15T14:33:21.585Z", "is_QM": false, "is_QT": true, "groups": [], "user_permissions": []}}, {"model": "QuizMania.customuser", "pk": 12, "fields": {"password": "pbkdf2_sha256$390000$sLVijicwKsW1OcE1uEWqUw$mRsSauK2MMbVoEyf++cW+AMxWCbGuZl5ynEUQp0YGIo=", "last_login": "2023-01-23T05:09:48.825Z", "is_superuser": false, "username": "TestQT", "first_name": "Test", "last_name": "QT", "email": "TestQT@gmail.com", "is_staff": false, "is_active": true, "date_joined": "2023-01-16T05:13:17.076Z", "is_QM": false, "is_QT": true, "groups": [], "user_permissions": []}}, {"model": "QuizMania.customuser", "pk": 14, "fields": {"password": "!EPtndctxqdoNBCX4OaSEQqkr4Smuhh2eGxEY1OZx", "last_login": "2023-01-23T13:08:55.055Z", "is_superuser": false, "username": "deergha3", "first_name": "Deergha", "last_name": "Kulkarni", "email": "deerghakulkarni@gmail.com", "is_staff": false, "is_active": true, "date_joined": "2023-01-23T11:54:30.876Z", "is_QM": false, "is_QT": false, "groups": [], "user_permissions": []}}, {"model": "QuizMania.quiz", "pk": 1, "fields": {"name": "Percy Jackson Trivia", "description": "Test your Percy Jackson Knowledge", "number_of_questions": 5, "positive_marks": 2, "negative_marks": 0}}, {"model": "QuizMania.quiz", "pk": 3, "fields": {"name": "hi", "description": "hello", "number_of_questions": 1, "positive_marks": 3, "negative_marks": 0}}, {"model": "QuizMania.question", "pk": 1, "fields": {"content": "Which God was Percy's father?", "quiz": 1, "category": "MCQ"}}, {"model": "QuizMania.question", "pk": 2, "fields": {"content": "Which language does Percy not speak?", "quiz": 1, "category": "MCQ"}}, {"model": "QuizMania.question", "pk": 3, "fields": {"content": "What is a Demigod?", "quiz": 1, "category": "MCQ"}}, {"model": "QuizMania.question", "pk": 4, "fields": {"content": "What happens when you cut off a Hydra's head?", "quiz": 1, "category": "MCQ"}}, {"model": "QuizMania.question", "pk": 5, "fields": {"content": "What is special about annabeth?", "quiz": 1, "category": "MCQ"}}, {"model": "QuizMania.question", "pk": 7, "fields": {"content": "fhetrthth", "quiz": 1, "category": "MCQ"}}, {"model": "QuizMania.question", "pk": 9, "fields": {"content": "something", "quiz": 3, "category": "MCQ"}}, {"model": "QuizMania.question", "pk": 11, "fields": {"content": "5+5", "quiz": 3, "category": "MCQ"}}, {"model": "QuizMania.question", "pk": 13, "fields": {"content": "2+6", "quiz": 3, "category": "MCQ"}}, {"model": "QuizMania.question", "pk": 14, "fields": {"content": "6+6", "quiz": 3, "category": "MCQ"}}, {"model": "QuizMania.question", "pk": 19, "fields": {"content": "1+1", "quiz": 3, "category": "MCQ"}}, {"model": "QuizMania.question", "pk": 20, "fields": {"content": "cwvv", "quiz": 3, "category": "MCQ"}}, {"model": "QuizMania.question", "pk": 21, "fields": {"content": "JJJBK", "quiz": 3, "category": "MCQ"}}, {"model": "QuizMania.question", "pk": 22, "fields": {"content": "V D F", "quiz": 3, "category": "MCQ"}}, {"model": "QuizMania.question", "pk": 25, "fields": {"content": "3+5", "quiz": 3, "category": "Numerical"}}, {"model": "QuizMania.question", "pk": 26, "fields": {"content": "4+4", "quiz": 3, "category": "Numerical"}}, {"model": "QuizMania.question", "pk": 27, "fields": {"content": "6+7", "quiz": 3, "category": "Numerical"}}, {"model": "QuizMania.answer", "pk": 1, "fields": {"content": "Zeus", "correct": false, "question": 1}}, {"model": "QuizMania.answer", "pk": 2, "fields": {"content": "Hades", "correct": false, "question": 1}}, {"model": "QuizMania.answer", "pk": 3, "fields": {"content": "Ares", "correct": false, "question": 1}}, {"model": "QuizMania.answer", "pk": 4, "fields": {"content": "Poseidon", "correct": true, "question": 1}}, {"model": "QuizMania.answer", "pk": 5, "fields": {"content": "English", "correct": false, "question": 2}}, {"model": "QuizMania.answer", "pk": 6, "fields": {"content": "French", "correct": true, "question": 2}}, {"model": "QuizMania.answer", "pk": 7, "fields": {"content": "Greek", "correct": false, "question": 2}}, {"model": "QuizMania.answer", "pk": 8, "fields": {"content": "Horse", "correct": false, "question": 2}}, {"model": "QuizMania.answer", "pk": 9, "fields": {"content": "A small god", "correct": false, "question": 3}}, {"model": "QuizMania.answer", "pk": 10, "fields": {"content": "a god that's been cut in half", "correct": false, "question": 3}}, {"model": "QuizMania.answer", "pk": 11, "fields": {"content": "someone who is half human and half god", "correct": false, "question": 3}}, {"model": "QuizMania.answer", "pk": 12, "fields": {"content": "a kind of large glass jar", "correct": true, "question": 3}}, {"model": "QuizMania.answer", "pk": 13, "fields": {"content": "it grows back", "correct": false, "question": 4}}, {"model": "QuizMania.answer", "pk": 14, "fields": {"content": "two more grow back", "correct": false, "question": 4}}, {"model": "QuizMania.answer", "pk": 15, "fields": {"content": "nothing happens", "correct": false, "question": 4}}, {"model": "QuizMania.answer", "pk": 16, "fields": {"content": "it gets really upset", "correct": true, "question": 4}}, {"model": "QuizMania.answer", "pk": 17, "fields": {"content": "She is blonde", "correct": false, "question": 5}}, {"model": "QuizMania.answer", "pk": 18, "fields": {"content": "she exists", "correct": false, "question": 5}}, {"model": "QuizMania.answer", "pk": 19, "fields": {"content": "she does not exist", "correct": true, "question": 5}}, {"model": "QuizMania.answer", "pk": 20, "fields": {"content": "there is nothing special about her", "correct": false, "question": 5}}, {"model": "QuizMania.answer", "pk": 21, "fields": {"content": "gngfngd", "correct": true, "question": 7}}, {"model": "QuizMania.answer", "pk": 22, "fields": {"content": "fdbfdn", "correct": true, "question": 7}}, {"model": "QuizMania.answer", "pk": 23, "fields": {"content": "dgbndgn", "correct": false, "question": 7}}, {"model": "QuizMania.answer", "pk": 24, "fields": {"content": "fbdn", "correct": false, "question": 7}}, {"model": "QuizMania.answer", "pk": 29, "fields": {"content": "a", "correct": false, "question": 9}}, {"model": "QuizMania.answer", "pk": 30, "fields": {"content": "b", "correct": true, "question": 9}}, {"model": "QuizMania.answer", "pk": 31, "fields": {"content": "c", "correct": false, "question": 9}}, {"model": "QuizMania.answer", "pk": 32, "fields": {"content": "d", "correct": false, "question": 9}}, {"model": "QuizMania.answer", "pk": 33, "fields": {"content": "8", "correct": true, "question": 11}}, {"model": "QuizMania.answer", "pk": 34, "fields": {"content": "7", "correct": false, "question": 11}}, {"model": "QuizMania.answer", "pk": 35, "fields": {"content": "6", "correct": false, "question": 11}}, {"model": "QuizMania.answer", "pk": 36, "fields": {"content": "5", "correct": false, "question": 11}}, {"model": "QuizMania.answer", "pk": 37, "fields": {"content": "3", "correct": true, "question": 19}}, {"model": "QuizMania.answer", "pk": 38, "fields": {"content": "4", "correct": false, "question": 19}}, {"model": "QuizMania.answer", "pk": 39, "fields": {"content": "5", "correct": false, "question": 19}}, {"model": "QuizMania.answer", "pk": 40, "fields": {"content": "6", "correct": false, "question": 19}}, {"model": "QuizMania.answer", "pk": 41, "fields": {"content": "G DG", "correct": false, "question": 20}}, {"model": "QuizMania.answer", "pk": 42, "fields": {"content": "JBJB", "correct": true, "question": 20}}, {"model": "QuizMania.answer", "pk": 43, "fields": {"content": "BJB", "correct": false, "question": 20}}, {"model": "QuizMania.answer", "pk": 44, "fields": {"content": ",JH", "correct": false, "question": 20}}, {"model": "QuizMania.answer", "pk": 45, "fields": {"content": "DJB", "correct": true, "question": 22}}, {"model": "QuizMania.answer", "pk": 46, "fields": {"content": "BU", "correct": false, "question": 22}}, {"model": "QuizMania.answer", "pk": 47, "fields": {"content": "UI", "correct": false, "question": 22}}, {"model": "QuizMania.answer", "pk": 48, "fields": {"content": "G", "correct": false, "question": 22}}, {"model": "QuizMania.numericalanswer", "pk": 2, "fields": {"correct": 8, "question": 25}}, {"model": "QuizMania.numericalanswer", "pk": 3, "fields": {"correct": 8, "question": 26}}, {"model": "QuizMania.numericalanswer", "pk": 4, "fields": {"correct": 13, "question": 27}}, {"model": "QuizMania.marks_of_user", "pk": 1, "fields": {"quiz": 1, "user": 12, "score": 1.0}}, {"model": "QuizMania.marks_of_user", "pk": 2, "fields": {"quiz": 1, "user": 12, "score": 1.0}}, {"model": "QuizMania.marks_of_user", "pk": 10, "fields": {"quiz": 3, "user": 1, "score": 0.0}}, {"model": "QuizMania.marks_of_user", "pk": 11, "fields": {"quiz": 3, "user": 1, "score": 0.0}}, {"model": "QuizMania.marks_of_user", "pk": 12, "fields": {"quiz": 3, "user": 1, "score": 0.0}}, {"model": "QuizMania.marks_of_user", "pk": 14, "fields": {"quiz": 1, "user": 1, "score": 0.0}}, {"model": "QuizMania.marks_of_user", "pk": 15, "fields": {"quiz": 1, "user": 1, "score": 0.0}}, {"model": "QuizMania.marks_of_user", "pk": 16, "fields": {"quiz": 1, "user": 1, "score": 0.0}}, {"model": "QuizMania.marks_of_user", "pk": 17, "fields": {"quiz": 1, "user": 1, "score": 3.0}}, {"model": "QuizMania.marks_of_user", "pk": 18, "fields": {"quiz": 1, "user": 1, "score": 0.0}}, {"model": "QuizMania.marks_of_user", "pk": 19, "fields": {"quiz": 1, "user": 1, "score": 0.0}}, {"model": "QuizMania.marks_of_user", "pk": 20, "fields": {"quiz": 1, "user": 1, "score": 0.0}}, {"model": "QuizMania.marks_of_user", "pk": 21, "fields": {"quiz": 3, "user": 1, "score": 0.0}}, {"model": "sites.site", "pk": 1, "fields": {"domain": "localhost:8000/", "name": "localhost:8000/"}}, {"model": "account.emailaddress", "pk": 2, "fields": {"user": 14, "email": "deerghakulkarni@gmail.com", "verified": true, "primary": true}}, {"model": "socialaccount.socialapp", "pk": 1, "fields": {"provider": "google", "name": "QuizMania", "client_id": "665104219997-f73fou26317bu3vglign3jq3tcu7j1dh.apps.googleusercontent.com", "secret": "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", "key": "", "sites": [1]}}, {"model": "socialaccount.socialaccount", "pk": 2, "fields": {"user": 14, "provider": "google", "uid": "112781056750325630002", "last_login": "2023-01-23T13:08:55.012Z", "date_joined": "2023-01-23T11:54:30.917Z", "extra_data": "{\"iss\": \"https://accounts.google.com\", \"azp\": \"665104219997-f73fou26317bu3vglign3jq3tcu7j1dh.apps.googleusercontent.com\", \"aud\": \"665104219997-f73fou26317bu3vglign3jq3tcu7j1dh.apps.googleusercontent.com\", \"sub\": \"112781056750325630002\", \"email\": \"deerghakulkarni@gmail.com\", \"email_verified\": true, \"at_hash\": \"ObzKQI_KaY4CxBWaD3O9gg\", \"name\": \"Deergha Kulkarni\", \"picture\": \"https://lh3.googleusercontent.com/a/AEdFTp5HQjRXeFrRDXdDfhJKyGfiOaucU_yrU7LfwFbI=s96-c\", \"given_name\": \"Deergha\", \"family_name\": \"Kulkarni\", \"locale\": \"en\", \"iat\": 1674479334, \"exp\": 1674482934}"}}]
